Miasto	Powiat	Województwo	Powierzchnia [ha] (01.01.2020)	Liczba ludności (01.01.2020)	Gęstość zaludnienia [osoby/km²] (01.01.2020)
Aleksandrów Kujawski	aleksandrowski	kujawsko-pomorskie	723	12102	1674
Aleksandrów Łódzki	zgierski	łódzkie	1382	21739	1573
Alwernia	chrzanowski	małopolskie	888	3344	377
Andrychów	wadowicki	małopolskie	1033	20016	1938
Annopol	kraśnicki	lubelskie	773	2488	322
Augustów	augustowski	podlaskie	8090	30153	373
Babimost	zielonogórski	lubuskie	365	3923	1075
Baborów	głubczycki	opolskie	1186	2920	246
Baranów Sandomierski	tarnobrzeski	podkarpackie	915	1459	159
Barcin	żniński	kujawsko-pomorskie	370	7381	1995
Barczewo	olsztyński	warmińsko-mazurskie	458	7501	1638
Bardo	ząbkowicki	dolnośląskie	471	2553	542
Barlinek	myśliborski	zachodniopomorskie	1755	13663	779
Bartoszyce	bartoszycki	warmińsko-mazurskie	1179	23284	1975
Barwice	szczecinecki	zachodniopomorskie	752	3686	490
Bełchatów	bełchatowski	łódzkie	3464	56973	1645
Bełżyce	lubelski	lubelskie	2346	6477	276
Będzin	będziński	śląskie	3737	56354	1508
Biała	prudnicki	opolskie	1472	2414	164
Biała Piska	piski	warmińsko-mazurskie	324	4030	1244
Biała Podlaska	Biała Podlaska[a]	lubelskie	4940	57170	1157
Biała Rawska	rawski	łódzkie	953	3151	331
Białobrzegi	białobrzeski	mazowieckie	751	6891	918
Białogard	białogardzki	zachodniopomorskie	2573	24146	938
Biały Bór	szczecinecki	zachodniopomorskie	1282	2210	172
Białystok	Białystok[a]	podlaskie	10213	297554	2913
Biecz	gorlicki	małopolskie	1771	4607	260
Bielawa	dzierżoniowski	dolnośląskie	3621	29872	825
Bielsk Podlaski	bielski	podlaskie	2701	25262	935
Bielsko-Biała	Bielsko-Biała[a]	śląskie	12451	170663	1371
Bieruń	bieruńsko-lędziński	śląskie	4049	19507	482
Bierutów	oleśnicki	dolnośląskie	836	4874	583
Bieżuń	żuromiński	mazowieckie	1207	1850	153
Biłgoraj	biłgorajski	lubelskie	2110	26329	1248
Biskupiec	olsztyński	warmińsko-mazurskie	500	10634	2127
Bisztynek	bartoszycki	warmińsko-mazurskie	216	2359	1092
Blachownia	częstochowski	śląskie	3666	9555	261
Błaszki	sieradzki	łódzkie	162	2085	1287
Błażowa	rzeszowski	podkarpackie	423	2144	507
Błonie	warszawski zachodni	mazowieckie	909	12195	1342
Bobolice	koszaliński	zachodniopomorskie	477	3961	830
Bobowa	gorlicki	małopolskie	718	3144	438
Bochnia	bocheński	małopolskie	2987	29718	995
Bodzentyn	kielecki	świętokrzyskie	865	2211	256
Bogatynia	zgorzelecki	dolnośląskie	5988	17318	289
Boguchwała	rzeszowski	podkarpackie	911	6184	679
Boguszów-Gorce	wałbrzyski	dolnośląskie	2702	15310	567
Bojanowo	rawicki	wielkopolskie	234	2908	1243
Bolesławiec	bolesławiecki	dolnośląskie	2357	38872	1649
Bolków	jaworski	dolnośląskie	768	4967	647
Borek Wielkopolski	gostyński	wielkopolskie	629	2502	398
Borne Sulinowo	szczecinecki	zachodniopomorskie	1815	5099	281
Braniewo	braniewski	warmińsko-mazurskie	1241	16992	1369
Brańsk	bielski	podlaskie	3243	3753	116
Brodnica	brodnicki	kujawsko-pomorskie	2315	28880	1248
Brok	ostrowski	mazowieckie	2806	1924	69
Brusy	chojnicki	pomorskie	520	5182	997
Brwinów	pruszkowski	mazowieckie	1010	13698	1356
Brzeg	brzeski	opolskie	1461	35709	2444
Brzeg Dolny	wołowski	dolnośląskie	1720	12506	727
Brzesko	brzeski	małopolskie	1192	16819	1411
Brzeszcze	oświęcimski	małopolskie	1904	11192	588
Brześć Kujawski	włocławski	kujawsko-pomorskie	704	4596	653
Brzeziny	brzeziński	łódzkie	2158	12501	579
Brzostek	dębicki	podkarpackie	876	2746	313
Brzozów	brzozowski	podkarpackie	1146	7438	649
Budzyń	chodzieski	wielkopolskie	4059	4333	107
Buk	poznański	wielkopolskie	296	6008	2030
Bukowno	olkuski	małopolskie	6459	10106	156
Busko-Zdrój	buski	świętokrzyskie	1228	15786	1286
Bychawa	lubelski	lubelskie	669	4855	726
Byczyna	kluczborski	opolskie	579	3534	610
Bydgoszcz	Bydgoszcz[a]	kujawsko-pomorskie	17598	348190	1979
Bystrzyca Kłodzka	kłodzki	dolnośląskie	1074	10047	935
Bytom	Bytom[a]	śląskie	6944	165263	2380
Bytom Odrzański	nowosolski	lubuskie	230	4308	1873
Bytów	bytowski	pomorskie	872	16881	1936
Cedynia	gryfiński	zachodniopomorskie	167	1520	910
Chełm	Chełm[a]	lubelskie	3528	61932	1755
Chełmek	oświęcimski	małopolskie	827	9031	1092
Chełmno	chełmiński	kujawsko-pomorskie	1356	19510	1439
Chełmża	toruński	kujawsko-pomorskie	784	14449	1843
Chęciny	kielecki	świętokrzyskie	1413	4430	314
Chmielnik	kielecki	świętokrzyskie	780	3662	469
Chocianów	polkowicki	dolnośląskie	900	7866	874
Chociwel	stargardzki	zachodniopomorskie	367	3150	858
Chocz	pleszewski	wielkopolskie	688	1787	260
Chodecz	włocławski	kujawsko-pomorskie	139	1852	1332
Chodzież	chodzieski	wielkopolskie	1277	18480	1447
Chojna	gryfiński	zachodniopomorskie	1258	7408	589
Chojnice	chojnicki	pomorskie	2104	39804	1892
Chojnów	legnicki	dolnośląskie	532	13266	2494
Choroszcz	białostocki	podlaskie	1679	5908	352
Chorzele	przasnyski	mazowieckie	1751	3113	178
Chorzów	Chorzów[a]	śląskie	3324	107807	3243
Choszczno	choszczeński	zachodniopomorskie	958	15109	1577
Chrzanów	chrzanowski	małopolskie	3832	36575	954
Ciechanowiec	wysokomazowiecki	podlaskie	1953	4613	236
Ciechanów	ciechanowski	mazowieckie	3278	44138	1346
Ciechocinek	aleksandrowski	kujawsko-pomorskie	1526	10618	696
Cieszanów	lubaczowski	podkarpackie	1506	1909	127
Cieszyn	cieszyński	śląskie	2861	34424	1203
Ciężkowice	tarnowski	małopolskie	999	2479	248
Cybinka	słubicki	lubuskie	529	2751	520
Czaplinek	drawski	zachodniopomorskie	1362	7119	523
Czarna Białostocka	białostocki	podlaskie	1428	9279	650
Czarna Woda	starogardzki	pomorskie	994	2769	279
Czarne	człuchowski	pomorskie	4643	5889	127
Czarnków	czarnkowsko-trzcianecki	wielkopolskie	1017	10607	1043
Czchów	brzeski	małopolskie	1409	2340	166
Czechowice-Dziedzice	bielski	śląskie	3291	35925	1092
Czeladź	będziński	śląskie	1638	31405	1917
Czempiń	kościański	wielkopolskie	332	5307	1598
Czerniejewo	gnieźnieński	wielkopolskie	1019	2691	264
Czersk	chojnicki	pomorskie	973	9920	1020
Czerwieńsk	zielonogórski	lubuskie	936	3988	426
Czerwińsk nad Wisłą	płoński	mazowieckie	548	1033	189
Czerwionka-Leszczyny	rybnicki	śląskie	3763	28134	748
Częstochowa	Częstochowa[a]	śląskie	15971	220433	1380
Człopa	wałecki	zachodniopomorskie	627	2306	368
Człuchów	człuchowski	pomorskie	1278	13624	1066
Czyżew	wysokomazowiecki	podlaskie	523	2647	506
Ćmielów	ostrowiecki	świętokrzyskie	1334	3021	226
Daleszyce	kielecki	świętokrzyskie	1550	2883	186
Darłowo	sławieński	zachodniopomorskie	2021	13695	678
Dąbie	kolski	wielkopolskie	880	1986	226
Dąbrowa Białostocka	sokólski	podlaskie	2264	5502	243
Dąbrowa Górnicza	Dąbrowa Górnicza[a]	śląskie	18873	119373	633
Dąbrowa Tarnowska	dąbrowski	małopolskie	2307	11864	514
Debrzno	człuchowski	pomorskie	751	5066	675
Dębica	dębicki	podkarpackie	3383	45504	1345
Dęblin	rycki	lubelskie	3833	16058	419
Dębno	myśliborski	zachodniopomorskie	1951	13696	702
Dobczyce	myślenicki	małopolskie	1297	6427	496
Dobiegniew	strzelecko-drezdenecki	lubuskie	569	3071	540
Dobra	łobeski	zachodniopomorskie	237	2290	966
Dobra	turecki	wielkopolskie	184	1369	744
Dobre Miasto	olsztyński	warmińsko-mazurskie	486	10182	2095
Dobrodzień	oleski	opolskie	1953	3690	189
Dobrzany	stargardzki	zachodniopomorskie	534	2247	421
Dobrzyca	pleszewski	wielkopolskie	1970	3128	159
Dobrzyń nad Wisłą	lipnowski	kujawsko-pomorskie	541	2117	391
Dolsk	śremski	wielkopolskie	620	1560	252
Drawno	choszczeński	zachodniopomorskie	503	2274	452
Drawsko Pomorskie	drawski	zachodniopomorskie	2233	11523	516
Drezdenko	strzelecko-drezdenecki	lubuskie	1072	10074	940
Drobin	płocki	mazowieckie	965	2861	296
Drohiczyn	siemiatycki	podlaskie	1569	1965	125
Drzewica	opoczyński	łódzkie	481	3826	795
Dubiecko	przemyski	podkarpackie	239	871	364
Dukla	krośnieński	podkarpackie	548	2070	378
Duszniki-Zdrój	kłodzki	dolnośląskie	2228	4545	204
Dynów	rzeszowski	podkarpackie	2455	6120	249
Działdowo	działdowski	warmińsko-mazurskie	1147	21274	1855
Działoszyce	pińczowski	świętokrzyskie	192	897	467
Działoszyn	pajęczański	łódzkie	494	5810	1176
Dzierzgoń	sztumski	pomorskie	390	5335	1368
Dzierżoniów	dzierżoniowski	dolnośląskie	2007	33137	1651
Dziwnów	kamieński	zachodniopomorskie	652	2660	408
Elbląg	Elbląg[a]	warmińsko-mazurskie	7982	119317	1495
Ełk	ełcki	warmińsko-mazurskie	2105	62109	2951
Frampol	biłgorajski	lubelskie	467	1440	308
Frombork	braniewski	warmińsko-mazurskie	759	2326	306
Garwolin	garwoliński	mazowieckie	2208	17602	797
Gąbin	płocki	mazowieckie	2795	4121	147
Gdańsk	Gdańsk[a]	pomorskie	26196	470907	1798
Gdynia	Gdynia[a]	pomorskie	13514	246348	1823
Giżycko	giżycki	warmińsko-mazurskie	1372	29307	2136
Glinojeck	ciechanowski	mazowieckie	737	3008	408
Gliwice	Gliwice[a]	śląskie	13388	178603	1334
Głogów	głogowski	dolnośląskie	3511	66980	1908
Głogów Małopolski	rzeszowski	podkarpackie	2088	8530	409
Głogówek	prudnicki	opolskie	2206	5585	253
Głowno	zgierski	łódzkie	1984	14119	712
Głubczyce	głubczycki	opolskie	1254	12521	998
Głuchołazy	nyski	opolskie	683	13503	1977
Głuszyca	wałbrzyski	dolnośląskie	1621	6335	391
Gniew	tczewski	pomorskie	604	6661	1103
Gniewkowo	inowrocławski	kujawsko-pomorskie	918	7092	773
Gniezno	gnieźnieński	wielkopolskie	4060	68217	1680
Gogolin	krapkowicki	opolskie	2035	6734	331
Golczewo	kamieński	zachodniopomorskie	742	2660	358
Goleniów	goleniowski	zachodniopomorskie	1178	22216	1886
Golina	koniński	wielkopolskie	352	4478	1272
Golub-Dobrzyń	golubsko-dobrzyński	kujawsko-pomorskie	750	12546	1673
Gołańcz	wągrowiecki	wielkopolskie	1264	3282	260
Gołdap	gołdapski	warmińsko-mazurskie	1720	13708	797
Goniądz	moniecki	podlaskie	428	1848	432
Goraj	biłgorajski	lubelskie	762	968	127
Gorlice	gorlicki	małopolskie	2353	27357	1163
Gorzów Śląski	oleski	opolskie	1854	2467	133
Gorzów Wielkopolski	Gorzów Wielkopolski[a]	lubuskie	8572	123609	1442
Gostynin	gostyniński	mazowieckie	3240	18527	572
Gostyń	gostyński	wielkopolskie	1109	20296	1830
Gościno	kołobrzeski	zachodniopomorskie	570	2418	424
Gozdnica	żagański	lubuskie	2392	3000	125
Góra	górowski	dolnośląskie	1365	11678	856
Góra Kalwaria	piaseczyński	mazowieckie	1367	12109	886
Górowo Iławeckie	bartoszycki	warmińsko-mazurskie	332	3940	1187
Górzno	brodnicki	kujawsko-pomorskie	343	1382	403
Grabów nad Prosną	ostrzeszowski	wielkopolskie	258	1924	746
Grajewo	grajewski	podlaskie	1894	21900	1156
Grodków	brzeski	opolskie	988	8570	867
Grodzisk Mazowiecki	grodziski	mazowieckie	1319	32125	2436
Grodzisk Wielkopolski	grodziski	wielkopolskie	1821	14697	807
Grójec	grójecki	mazowieckie	857	16758	1955
Grudziądz	Grudziądz[a]	kujawsko-pomorskie	5776	94368	1634
Grybów	nowosądecki	małopolskie	1695	6026	356
Gryfice	gryficki	zachodniopomorskie	1240	16415	1324
Gryfino	gryfiński	zachodniopomorskie	1181	21167	1792
Gryfów Śląski	lwówecki	dolnośląskie	663	6617	998
Gubin	krośnieński	lubuskie	2068	16614	803
Hajnówka	hajnowski	podlaskie	2129	20488	962
Halinów	miński	mazowieckie	284	3745	1319
Hel	pucki	pomorskie	2295	3261	142
Hrubieszów	hrubieszowski	lubelskie	3303	17528	531
Iława	iławski	warmińsko-mazurskie	2188	33327	1523
Iłowa	żagański	lubuskie	918	3874	422
Iłża	radomski	mazowieckie	1583	4727	299
Imielin	bieruńsko-lędziński	śląskie	2799	9189	328
Inowrocław	inowrocławski	kujawsko-pomorskie	3042	72561	2385
Ińsko	stargardzki	zachodniopomorskie	748	1918	256
Iwonicz-Zdrój	krośnieński	podkarpackie	589	1789	304
Izbica Kujawska	włocławski	kujawsko-pomorskie	224	2596	1159
Jabłonowo Pomorskie	brodnicki	kujawsko-pomorskie	335	3716	1109
Janikowo	inowrocławski	kujawsko-pomorskie	951	8712	916
Janowiec Wielkopolski	żniński	kujawsko-pomorskie	304	3935	1294
Janów Lubelski	janowski	lubelskie	1480	11879	803
Jaraczewo	jarociński	wielkopolskie	1007	1413	140
Jarocin	jarociński	wielkopolskie	1638	26106	1594
Jarosław	jarosławski	podkarpackie	3461	37479	1083
Jasień	żarski	lubuskie	479	4262	890
Jasło	jasielski	podkarpackie	3652	34882	955
Jastarnia	pucki	pomorskie	506	2708	535
Jastrowie	złotowski	wielkopolskie	7230	8633	119
Jastrzębie-Zdrój	Jastrzębie-Zdrój[a]	śląskie	8533	88743	1040
Jawor	jaworski	dolnośląskie	1880	22758	1211
Jaworzno	Jaworzno[a]	śląskie	15259	91115	597
Jaworzyna Śląska	świdnicki	dolnośląskie	434	5111	1178
Jedlicze	krośnieński	podkarpackie	1060	5717	539
Jedlina-Zdrój	wałbrzyski	dolnośląskie	1745	4820	276
Jedwabne	łomżyński	podlaskie	454	1615	356
Jelcz-Laskowice	oławski	dolnośląskie	1706	15745	923
Jelenia Góra	Jelenia Góra[a]	dolnośląskie	10922	79061	724
Jeziorany	olsztyński	warmińsko-mazurskie	341	3153	925
Jędrzejów	jędrzejowski	świętokrzyskie	1137	15014	1320
Jordanów	suski	małopolskie	2103	5366	255
Józefów	biłgorajski	lubelskie	500	2474	495
Józefów	otwocki	mazowieckie	2391	20724	867
Józefów nad Wisłą	opolski	lubelskie	365	920	252
Jutrosin	rawicki	wielkopolskie	162	1977	1220
Kalety	tarnogórski	śląskie	7629	8589	113
Kalisz	Kalisz[a]	wielkopolskie	6942	100246	1444
Kalisz Pomorski	drawski	zachodniopomorskie	1196	4388	367
Kalwaria Zebrzydowska	wadowicki	małopolskie	550	4493	817
Kałuszyn	miński	mazowieckie	1230	2891	235
Kamienna Góra	kamiennogórski	dolnośląskie	1804	18840	1044
Kamieniec Ząbkowicki	ząbkowicki	dolnośląskie	1299	4533	349
Kamień Krajeński	sępoleński	kujawsko-pomorskie	365	2364	648
Kamień Pomorski	kamieński	zachodniopomorskie	1074	8808	820
Kamieńsk	radomszczański	łódzkie	1199	2753	230
Kamionka	lubartowski	lubelskie	527	1925	365
Kańczuga	przeworski	podkarpackie	760	3163	416
Karczew	otwocki	mazowieckie	2812	9826	349
Kargowa	zielonogórski	lubuskie	455	3768	828
Karlino	białogardzki	zachodniopomorskie	940	5918	630
Karpacz	jeleniogórski	dolnośląskie	3799	4570	120
Kartuzy	kartuski	pomorskie	735	14483	1970
Katowice	Katowice[a]	śląskie	16464	292774	1778
Kazimierz Dolny	puławski	lubelskie	3044	2530	83
Kazimierza Wielka	kazimierski	świętokrzyskie	533	5523	1036
Kąty Wrocławskie	wrocławski	dolnośląskie	861	7001	813
Kcynia	nakielski	kujawsko-pomorskie	684	4617	675
Kędzierzyn-Koźle	kędzierzyńsko-kozielski	opolskie	12371	60641	490
Kępice	słupski	pomorskie	611	3575	585
Kępno	kępiński	wielkopolskie	779	14012	1799
Kętrzyn	kętrzyński	warmińsko-mazurskie	1035	27056	2614
Kęty	oświęcimski	małopolskie	2305	18623	808
Kielce	Kielce[a]	świętokrzyskie	10965	194852	1777
Kietrz	głubczycki	opolskie	1874	5951	318
Kisielice	iławski	warmińsko-mazurskie	337	2100	623
Kleczew	koniński	wielkopolskie	780	4151	532
Kleszczele	hajnowski	podlaskie	4671	1240	27
Klimontów	sandomierski	świętokrzyskie	467	1905	409
Kluczbork	kluczborski	opolskie	1235	23480	1901
Kłecko	gnieźnieński	wielkopolskie	962	2618	272
Kłobuck	kłobucki	śląskie	4746	12862	271
Kłodawa	kolski	wielkopolskie	431	6418	1489
Kłodzko	kłodzki	dolnośląskie	2484	26742	1077
Knurów	gliwicki	śląskie	3395	38112	1123
Knyszyn	moniecki	podlaskie	2368	2744	116
Kobylin	krotoszyński	wielkopolskie	487	3237	665
Kobyłka	wołomiński	mazowieckie	1964	24414	1243
Kock	lubartowski	lubelskie	1678	3273	195
Kolbuszowa	kolbuszowski	podkarpackie	798	9004	1128
Kolno	kolneński	podlaskie	2507	10199	407
Kolonowskie	strzelecki	opolskie	5570	3294	59
Koluszki	łódzki wschodni	łódzkie	990	12928	1306
Kołaczyce	jasielski	podkarpackie	715	1400	196
Koło	kolski	wielkopolskie	1385	21686	1566
Kołobrzeg	kołobrzeski	zachodniopomorskie	2567	46259	1802
Koniecpol	częstochowski	śląskie	3692	5902	160
Konin	Konin[a]	wielkopolskie	8231	73522	893
Konstancin-Jeziorna	piaseczyński	mazowieckie	1774	17040	961
Konstantynów Łódzki	pabianicki	łódzkie	2725	18206	668
Końskie	konecki	świętokrzyskie	1770	19080	1078
Koprzywnica	sandomierski	świętokrzyskie	1790	2461	137
Korfantów	nyski	opolskie	1023	1793	175
Koronowo	bydgoski	kujawsko-pomorskie	2815	11089	394
Korsze	kętrzyński	warmińsko-mazurskie	403	4193	1040
Kosów Lacki	sokołowski	mazowieckie	1157	2087	180
Kostrzyn	poznański	wielkopolskie	798	9684	1214
Kostrzyn nad Odrą	gorzowski	lubuskie	4614	17730	384
Koszalin	Koszalin[a]	zachodniopomorskie	9834	107048	1089
Koszyce	proszowicki	małopolskie	325	778	239
Kościan	kościański	wielkopolskie	901	23876	2650
Kościerzyna	kościerski	pomorskie	1586	23742	1497
Kowal	włocławski	kujawsko-pomorskie	468	3505	749
Kowalewo Pomorskie	golubsko-dobrzyński	kujawsko-pomorskie	445	4143	931
Kowary	jeleniogórski	dolnośląskie	3739	10813	289
Koziegłowy	myszkowski	śląskie	2671	2445	92
Kozienice	kozienicki	mazowieckie	1045	17072	1634
Koźmin Wielkopolski	krotoszyński	wielkopolskie	589	6472	1099
Koźminek	kaliski	wielkopolskie	604	1978	327
Kożuchów	nowosolski	lubuskie	594	9356	1575
Kórnik	poznański	wielkopolskie	599	7953	1328
Krajenka	złotowski	wielkopolskie	376	3643	969
Kraków	Kraków[a]	małopolskie	32685	779115	2384
Krapkowice	krapkowicki	opolskie	2101	16222	772
Krasnobród	zamojski	lubelskie	699	3101	444
Krasnystaw	krasnostawski	lubelskie	4213	18630	442
Kraśnik	kraśnicki	lubelskie	2610	34230	1311
Krobia	gostyński	wielkopolskie	705	4320	613
Krosno	Krosno[a]	podkarpackie	4350	46291	1064
Krosno Odrzańskie	krośnieński	lubuskie	815	11238	1379
Krośniewice	kutnowski	łódzkie	418	4322	1034
Krotoszyn	krotoszyński	wielkopolskie	2254	28804	1278
Kruszwica	inowrocławski	kujawsko-pomorskie	664	8819	1328
Krynica Morska	nowodworski	pomorskie	11856	1286	11
Krynica-Zdrój	nowosądecki	małopolskie	3968	10568	266
Krynki	sokólski	podlaskie	383	2372	619
Krzanowice	raciborski	śląskie	308	2166	703
Krzepice	kłobucki	śląskie	2766	4421	160
Krzeszowice	krakowski	małopolskie	1697	9975	588
Krzywiń	kościański	wielkopolskie	227	1717	756
Krzyż Wielkopolski	czarnkowsko-trzcianecki	wielkopolskie	581	6176	1063
Książ Wielkopolski	śremski	wielkopolskie	196	2715	1385
Kudowa-Zdrój	kłodzki	dolnośląskie	3390	9886	292
Kunów	ostrowiecki	świętokrzyskie	726	2936	404
Kutno	kutnowski	łódzkie	3359	43911	1307
Kuźnia Raciborska	raciborski	śląskie	3149	5305	168
Kwidzyn	kwidzyński	pomorskie	2154	38418	1784
Lądek-Zdrój	kłodzki	dolnośląskie	2032	5557	273
Legionowo	legionowski	mazowieckie	1354	53886	3980
Legnica	Legnica[a]	dolnośląskie	5629	99350	1765
Lesko	leski	podkarpackie	1533	5432	354
Leszno	Leszno[a]	wielkopolskie	3186	63505	1993
Leśna	lubański	dolnośląskie	856	4394	513
Leśnica	strzelecki	opolskie	1450	2555	176
Lewin Brzeski	brzeski	opolskie	1164	5722	492
Leżajsk	leżajski	podkarpackie	2058	13799	671
Lębork	lęborski	pomorskie	1786	35273	1975
Lędziny	bieruńsko-lędziński	śląskie	3165	16798	531
Libiąż	chrzanowski	małopolskie	3585	17003	474
Lidzbark	działdowski	warmińsko-mazurskie	568	7741	1363
Lidzbark Warmiński	lidzbarski	warmińsko-mazurskie	1435	15697	1094
Limanowa	limanowski	małopolskie	1870	15162	811
Lipiany	pyrzycki	zachodniopomorskie	554	3908	705
Lipno	lipnowski	kujawsko-pomorskie	1099	14371	1308
Lipsk	augustowski	podlaskie	498	2310	464
Lipsko	lipski	mazowieckie	1570	5455	347
Lubaczów	lubaczowski	podkarpackie	2573	11970	465
Lubań	lubański	dolnośląskie	1612	20965	1301
Lubartów	lubartowski	lubelskie	1391	21828	1569
Lubawa	iławski	warmińsko-mazurskie	1684	10388	617
Lubawka	kamiennogórski	dolnośląskie	2244	5989	267
Lubień Kujawski	włocławski	kujawsko-pomorskie	231	1394	603
Lubin	lubiński	dolnośląskie	4077	72300	1773
Lublin	Lublin[a]	lubelskie	14747	339784	2304
Lubliniec	lubliniecki	śląskie	8936	23757	266
Lubniewice	sulęciński	lubuskie	1211	2082	172
Lubomierz	lwówecki	dolnośląskie	805	2004	249
Luboń	poznański	wielkopolskie	1351	31941	2364
Lubowidz	żuromiński	mazowieckie	527	1651	313
Lubraniec	włocławski	kujawsko-pomorskie	197	3012	1529
Lubsko	żarski	lubuskie	1251	13876	1109
Lubycza Królewska	tomaszowski	lubelskie	392	2440	622
Lututów	wieruszowski	łódzkie	1895	2232	118
Lwówek	nowotomyski	wielkopolskie	316	2954	935
Lwówek Śląski	lwówecki	dolnośląskie	1665	8822	530
Łabiszyn	żniński	kujawsko-pomorskie	289	4469	1546
Łagów	kielecki	świętokrzyskie	822	1562	190
Łańcut	łańcucki	podkarpackie	1942	17711	912
Łapy	białostocki	podlaskie	1214	15541	1280
Łasin	grudziądzki	kujawsko-pomorskie	479	3197	667
Łask	łaski	łódzkie	1567	17143	1094
Łaskarzew	garwoliński	mazowieckie	1535	4829	315
Łaszczów	tomaszowski	lubelskie	501	2128	425
Łaziska Górne	mikołowski	śląskie	2007	22215	1105
Łazy	zawierciański	śląskie	860	6798	790
Łeba	lęborski	pomorskie	1656	3601	217
Łęczna	łęczyński	lubelskie	1900	18820	991
Łęczyca	łęczycki	łódzkie	895	13971	1561
Łęknica	żarski	lubuskie	1643	2459	150
Łobez	łobeski	zachodniopomorskie	1284	10066	784
Łobżenica	pilski	wielkopolskie	325	2952	908
Łochów	węgrowski	mazowieckie	1339	6838	511
Łomianki	warszawski zachodni	mazowieckie	840	17042	2029
Łomża	Łomża[a]	podlaskie	3267	62945	1927
Łosice	łosicki	mazowieckie	2374	7042	297
Łowicz	łowicki	łódzkie	2342	28224	1205
Łódź	Łódź[a]	łódzkie	29325	679941	2319
Łuków	łukowski	lubelskie	3575	29728	832
Maków Mazowiecki	makowski	mazowieckie	1028	9711	945
Maków Podhalański	suski	małopolskie	2012	5824	289
Malbork	malborski	pomorskie	1716	38345	2235
Małogoszcz	jędrzejowski	świętokrzyskie	968	3726	385
Małomice	żagański	lubuskie	675	3480	516
Margonin	chodzieski	wielkopolskie	515	2983	579
Marki	wołomiński	mazowieckie	2615	35461	1356
Maszewo	goleniowski	zachodniopomorskie	554	3363	607
Miasteczko Śląskie	tarnogórski	śląskie	6783	7442	110
Miastko	bytowski	pomorskie	568	10384	1828
Michałowo	białostocki	podlaskie	215	3011	1400
Miechów	miechowski	małopolskie	1549	11569	747
Miejska Górka	rawicki	wielkopolskie	314	3198	1018
Mielec	mielecki	podkarpackie	4689	60323	1286
Mielno	koszaliński	zachodniopomorskie	3345	2914	87
Mieroszów	wałbrzyski	dolnośląskie	1031	4045	392
Mieszkowice	gryfiński	zachodniopomorskie	525	3612	688
Międzybórz	oleśnicki	dolnośląskie	641	2354	367
Międzychód	międzychodzki	wielkopolskie	698	10587	1517
Międzylesie	kłodzki	dolnośląskie	1437	2561	178
Międzyrzec Podlaski	bialski	lubelskie	2003	16753	836
Międzyrzecz	międzyrzecki	lubuskie	1026	17839	1739
Międzyzdroje	kamieński	zachodniopomorskie	516	5343	1035
Mikołajki	mrągowski	warmińsko-mazurskie	932	3787	406
Mikołów	mikołowski	śląskie	7921	41014	518
Mikstat	ostrzeszowski	wielkopolskie	252	1845	732
Milanówek	grodziski	mazowieckie	1344	16416	1221
Milicz	milicki	dolnośląskie	1350	11312	838
Miłakowo	ostródzki	warmińsko-mazurskie	876	2540	290
Miłomłyn	ostródzki	warmińsko-mazurskie	1238	2427	196
Miłosław	wrzesiński	wielkopolskie	407	3551	872
Mińsk Mazowiecki	miński	mazowieckie	1318	40999	3111
Mirosławiec	wałecki	zachodniopomorskie	241	3066	1272
Mirsk	lwówecki	dolnośląskie	1466	3814	260
Mława	mławski	mazowieckie	3480	31246	898
Młynary	elbląski	warmińsko-mazurskie	276	1765	639
Modliborzyce	janowski	lubelskie	789	1459	185
Mogielnica	grójecki	mazowieckie	1298	2237	172
Mogilno	mogileński	kujawsko-pomorskie	832	11786	1417
Mońki	moniecki	podlaskie	766	9984	1303
Morawica	kielecki	świętokrzyskie	438	1716	392
Morąg	ostródzki	warmińsko-mazurskie	611	13701	2242
Mordy	siedlecki	mazowieckie	454	1750	385
Moryń	gryfiński	zachodniopomorskie	554	1629	294
Mosina	poznański	wielkopolskie	1350	14124	1046
Mrągowo	mrągowski	warmińsko-mazurskie	1481	21556	1456
Mrocza	nakielski	kujawsko-pomorskie	501	4332	865
Mrozy	miński	mazowieckie	773	3588	464
Mszana Dolna	limanowski	małopolskie	2710	7889	291
Mszczonów	żyrardowski	mazowieckie	856	6343	741
Murowana Goślina	poznański	wielkopolskie	862	10433	1210
Muszyna	nowosądecki	małopolskie	2443	4760	195
Mysłowice	Mysłowice[a]	śląskie	6562	74618	1137
Myszków	myszkowski	śląskie	7359	31585	429
Myszyniec	ostrołęcki	mazowieckie	1122	3421	305
Myślenice	myślenicki	małopolskie	3022	18366	608
Myślibórz	myśliborski	zachodniopomorskie	1504	11109	739
Nakło nad Notecią	nakielski	kujawsko-pomorskie	1082	18189	1681
Nałęczów	puławski	lubelskie	1382	3753	272
Namysłów	namysłowski	opolskie	2261	16596	734
Narol	lubaczowski	podkarpackie	1242	2046	165
Nasielsk	nowodworski	mazowieckie	1257	7697	612
Nekla	wrzesiński	wielkopolskie	1979	3807	192
Nidzica	nidzicki	warmińsko-mazurskie	686	13694	1996
Niemcza	dzierżoniowski	dolnośląskie	1981	2963	150
Niemodlin	opolski	opolskie	1311	6279	479
Niepołomice	wielicki	małopolskie	2740	13564	495
Nieszawa	aleksandrowski	kujawsko-pomorskie	979	1843	188
Nisko	niżański	podkarpackie	6096	15331	251
Nowa Dęba	tarnobrzeski	podkarpackie	1670	11109	665
Nowa Ruda	kłodzki	dolnośląskie	3705	21908	591
Nowa Sarzyna	leżajski	podkarpackie	915	5798	634
Nowa Słupia	kielecki	świętokrzyskie	1397	1373	98
Nowa Sól	nowosolski	lubuskie	2180	38645	1773
Nowe	świecki	kujawsko-pomorskie	357	5787	1621
Nowe Brzesko	proszowicki	małopolskie	726	1667	230
Nowe Miasteczko	nowosolski	lubuskie	329	2757	838
Nowe Miasto Lubawskie	nowomiejski	warmińsko-mazurskie	1137	10850	954
Nowe Miasto nad Pilicą	grójecki	mazowieckie	1125	3717	330
Nowe Skalmierzyce	ostrowski	wielkopolskie	158	4752	3008
Nowe Warpno	policki	zachodniopomorskie	2451	1181	48
Nowogard	goleniowski	zachodniopomorskie	1257	16585	1319
Nowogrodziec	bolesławiecki	dolnośląskie	1610	4207	261
Nowogród	łomżyński	podlaskie	2055	2156	105
Nowogród Bobrzański	zielonogórski	lubuskie	1463	5134	351
Nowy Dwór Gdański	nowodworski	pomorskie	507	9888	1950
Nowy Dwór Mazowiecki	nowodworski	mazowieckie	2821	28679	1017
Nowy Korczyn	buski	świętokrzyskie	752	938	125
Nowy Sącz	Nowy Sącz[a]	małopolskie	5758	83794	1455
Nowy Staw	malborski	pomorskie	467	4233	906
Nowy Targ	nowotarski	małopolskie	5107	33293	652
Nowy Tomyśl	nowotomyski	wielkopolskie	520	14431	2775
Nowy Wiśnicz	bocheński	małopolskie	497	2758	555
Nysa	nyski	opolskie	2751	43681	1588
Oborniki	obornicki	wielkopolskie	1408	18055	1282
Oborniki Śląskie	trzebnicki	dolnośląskie	1446	9120	631
Obrzycko	szamotulski	wielkopolskie	374	2375	635
Odolanów	ostrowski	wielkopolskie	476	5145	1081
Ogrodzieniec	zawierciański	śląskie	2856	4258	149
Okonek	złotowski	wielkopolskie	601	3873	644
Olecko	olecki	warmińsko-mazurskie	1154	16422	1423
Olesno	oleski	opolskie	1508	9407	624
Oleszyce	lubaczowski	podkarpackie	508	2968	584
Oleśnica	oleśnicki	dolnośląskie	2096	37142	1772
Oleśnica	staszowski	świętokrzyskie	1004	1839	183
Olkusz	olkuski	małopolskie	2565	35170	1371
Olsztyn	Olsztyn[a]	warmińsko-mazurskie	8833	171979	1947
Olsztynek	olsztyński	warmińsko-mazurskie	769	7514	977
Olszyna	lubański	dolnośląskie	2026	4344	214
Oława	oławski	dolnośląskie	2736	33108	1210
Opalenica	nowotomyski	wielkopolskie	642	9572	1491
Opatowiec	kazimierski	świętokrzyskie	547	338	62
Opatów	opatowski	świętokrzyskie	936	6457	690
Opatówek	kaliski	wielkopolskie	868	3629	418
Opoczno	opoczyński	łódzkie	2699	21060	780
Opole	Opole[a]	opolskie	14888	128035	860
Opole Lubelskie	opolski	lubelskie	1512	8388	555
Orneta	lidzbarski	warmińsko-mazurskie	963	8723	906
Orzesze	mikołowski	śląskie	8371	21176	253
Orzysz	piski	warmińsko-mazurskie	817	5535	677
Osieczna	leszczyński	wielkopolskie	476	2369	498
Osiek	staszowski	świętokrzyskie	1743	1991	114
Ostrołęka	Ostrołęka[a]	mazowieckie	3346	52055	1556
Ostroróg	szamotulski	wielkopolskie	125	1892	1514
Ostrowiec Świętokrzyski	ostrowiecki	świętokrzyskie	4643	68338	1472
Ostróda	ostródzki	warmińsko-mazurskie	1415	32888	2324
Ostrów Lubelski	lubartowski	lubelskie	2977	2110	71
Ostrów Mazowiecka	ostrowski	mazowieckie	2227	22399	1006
Ostrów Wielkopolski	ostrowski	wielkopolskie	4190	71931	1717
Ostrzeszów	ostrzeszowski	wielkopolskie	1213	14134	1165
Ośno Lubuskie	słubicki	lubuskie	801	3915	489
Oświęcim	oświęcimski	małopolskie	3000	38005	1267
Otmuchów	nyski	opolskie	4954	6552	132
Otwock	otwocki	mazowieckie	4731	44635	943
Otyń	nowosolski	lubuskie	786	1637	208
Ozimek	opolski	opolskie	325	8603	2647
Ozorków	zgierski	łódzkie	1546	19311	1249
Ożarów	opatowski	świętokrzyskie	779	4534	582
Ożarów Mazowiecki	warszawski zachodni	mazowieckie	813	11938	1468
Pabianice	pabianicki	łódzkie	3299	64757	1963
Pacanów	buski	świętokrzyskie	713	1121	157
Paczków	nyski	opolskie	660	7464	1131
Pajęczno	pajęczański	łódzkie	2023	6662	329
Pakość	inowrocławski	kujawsko-pomorskie	346	5676	1640
Parczew	parczewski	lubelskie	805	10648	1323
Pasłęk	elbląski	warmińsko-mazurskie	1063	12178	1146
Pasym	szczycieński	warmińsko-mazurskie	1518	2498	165
Pelplin	tczewski	pomorskie	442	7737	1750
Pełczyce	choszczeński	zachodniopomorskie	1307	2589	198
Piaseczno	piaseczyński	mazowieckie	1622	48450	2987
Piaski	świdnicki	lubelskie	844	2573	305
Piastów	pruszkowski	mazowieckie	576	22679	3937
Piątek	łęczycki	łódzkie	524	1721	328
Piechowice	jeleniogórski	dolnośląskie	4322	6156	142
Piekary Śląskie	Piekary Śląskie[a]	śląskie	3998	55030	1376
Pieniężno	braniewski	warmińsko-mazurskie	381	2712	712
Pieńsk	zgorzelecki	dolnośląskie	992	5763	581
Pierzchnica	kielecki	świętokrzyskie	693	1178	170
Pieszyce	dzierżoniowski	dolnośląskie	1772	7095	400
Pilawa	garwoliński	mazowieckie	666	4588	689
Pilica	zawierciański	śląskie	822	1917	233
Pilzno	dębicki	podkarpackie	1604	4927	307
Piła	pilski	wielkopolskie	10268	73139	712
Piława Górna	dzierżoniowski	dolnośląskie	2093	6394	305
Pińczów	pińczowski	świętokrzyskie	1433	10717	748
Pionki	radomski	mazowieckie	1840	18159	987
Piotrków Kujawski	radziejowski	kujawsko-pomorskie	976	4426	453
Piotrków Trybunalski	Piotrków Trybunalski[a]	łódzkie	6724	73090	1087
Pisz	piski	warmińsko-mazurskie	1008	19198	1905
Piwniczna-Zdrój	nowosądecki	małopolskie	3830	5860	153
Pleszew	pleszewski	wielkopolskie	1338	17192	1285
Płock	Płock[a]	mazowieckie	8804	119425	1356
Płońsk	płoński	mazowieckie	1160	22107	1906
Płoty	gryficki	zachodniopomorskie	412	3927	953
Pniewy	szamotulski	wielkopolskie	932	8134	873
Pobiedziska	poznański	wielkopolskie	1024	9311	909
Poddębice	poddębicki	łódzkie	587	7374	1256
Podkowa Leśna	grodziski	mazowieckie	1013	3844	379
Pogorzela	gostyński	wielkopolskie	436	2088	479
Polanica-Zdrój	kłodzki	dolnośląskie	1722	6307	366
Polanów	koszaliński	zachodniopomorskie	737	2889	392
Police	policki	zachodniopomorskie	3731	32490	871
Polkowice	polkowicki	dolnośląskie	2374	22486	947
Połaniec	staszowski	świętokrzyskie	1741	8072	464
Połczyn-Zdrój	świdwiński	zachodniopomorskie	721	8020	1112
Poniatowa	opolski	lubelskie	1526	9083	595
Poniec	gostyński	wielkopolskie	348	2855	820
Poręba	zawierciański	śląskie	3999	8480	212
Poznań	Poznań[a]	wielkopolskie	26191	534813	2042
Prabuty	kwidzyński	pomorskie	729	8684	1191
Praszka	oleski	opolskie	935	7602	813
Prochowice	legnicki	dolnośląskie	985	3577	363
Proszowice	proszowicki	małopolskie	733	5983	816
Prószków	opolski	opolskie	1622	2596	160
Pruchnik	jarosławski	podkarpackie	1990	3745	188
Prudnik	prudnicki	opolskie	2050	20989	1024
Prusice	trzebnicki	dolnośląskie	1094	2241	205
Pruszcz Gdański	gdański	pomorskie	1647	31326	1902
Pruszków	pruszkowski	mazowieckie	1919	62317	3247
Przasnysz	przasnyski	mazowieckie	2516	17177	683
Przecław	mielecki	podkarpackie	1604	1781	111
Przedbórz	radomszczański	łódzkie	608	3513	578
Przedecz	kolski	wielkopolskie	298	1648	553
Przemków	polkowicki	dolnośląskie	617	6091	987
Przemyśl	Przemyśl[a]	podkarpackie	4617	60689	1314
Przeworsk	przeworski	podkarpackie	2213	15291	691
Przysucha	przysuski	mazowieckie	702	5801	826
Pszczyna	pszczyński	śląskie	2249	25833	1149
Pszów	wodzisławski	śląskie	2044	13844	677
Puck	pucki	pomorskie	479	11241	2347
Puławy	puławski	lubelskie	5049	47417	939
Pułtusk	pułtuski	mazowieckie	2307	19414	842
Puszczykowo	poznański	wielkopolskie	1639	9657	589
Pyrzyce	pyrzycki	zachodniopomorskie	3879	12578	324
Pyskowice	gliwicki	śląskie	3089	18429	597
Pyzdry	wrzesiński	wielkopolskie	1216	3118	256
Rabka-Zdrój	nowotarski	małopolskie	3631	12772	352
Raciąż	płoński	mazowieckie	840	4394	523
Racibórz	raciborski	śląskie	7501	54739	730
Radków	kłodzki	dolnośląskie	1503	2413	161
Radlin	wodzisławski	śląskie	1253	17759	1417
Radłów	tarnowski	małopolskie	1683	2742	163
Radom	Radom[a]	mazowieckie	11180	211371	1891
Radomsko	radomszczański	łódzkie	5143	45843	891
Radomyśl Wielki	mielecki	podkarpackie	879	3226	367
Radoszyce	konecki	świętokrzyskie	1717	3140	183
Radymno	jarosławski	podkarpackie	1362	5273	387
Radziejów	radziejowski	kujawsko-pomorskie	569	5516	969
Radzionków	tarnogórski	śląskie	1320	16873	1278
Radzymin	wołomiński	mazowieckie	2339	13118	561
Radzyń Chełmiński	grudziądzki	kujawsko-pomorskie	178	1813	1019
Radzyń Podlaski	radzyński	lubelskie	1931	15656	811
Rajgród	grajewski	podlaskie	3528	1572	45
Rakoniewice	grodziski	wielkopolskie	337	3587	1064
Raszków	ostrowski	wielkopolskie	205	2115	1032
Rawa Mazowiecka	rawski	łódzkie	1430	17324	1211
Rawicz	rawicki	wielkopolskie	774	20111	2598
Recz	choszczeński	zachodniopomorskie	1240	2883	233
Reda	wejherowski	pomorskie	3346	26307	786
Rejowiec	chełmski	lubelskie	650	2068	318
Rejowiec Fabryczny	chełmski	lubelskie	1428	4386	307
Resko	łobeski	zachodniopomorskie	449	4205	937
Reszel	kętrzyński	warmińsko-mazurskie	382	4550	1191
Rogoźno	obornicki	wielkopolskie	1124	11088	986
Ropczyce	ropczycko-sędziszowski	podkarpackie	4710	15860	337
Różan	makowski	mazowieckie	666	2720	408
Ruciane-Nida	piski	warmińsko-mazurskie	1707	4451	261
Ruda Śląska	Ruda Śląska[a]	śląskie	7773	137360	1767
Rudnik nad Sanem	niżański	podkarpackie	3660	6754	185
Rumia	wejherowski	pomorskie	3010	49230	1636
Rybnik	Rybnik[a]	śląskie	14836	138098	931
Rychwał	koniński	wielkopolskie	970	2373	245
Rydułtowy	wodzisławski	śląskie	1495	21514	1439
Rydzyna	leszczyński	wielkopolskie	220	2897	1317
Ryglice	tarnowski	małopolskie	2515	2836	113
Ryki	rycki	lubelskie	2722	9634	354
Rymanów	krośnieński	podkarpackie	1239	3816	308
Ryn	giżycki	warmińsko-mazurskie	414	2843	687
Rypin	rypiński	kujawsko-pomorskie	1096	16130	1472
Rzepin	słubicki	lubuskie	1142	6505	570
Rzeszów	Rzeszów[a]	podkarpackie	12661	196208	1550
Rzgów	łódzki wschodni	łódzkie	1677	3371	201
Sandomierz	sandomierski	świętokrzyskie	2869	23362	814
Sanniki	gostyniński	mazowieckie	1176	1949	166
Sanok	sanocki	podkarpackie	3808	37359	981
Sejny	sejneński	podlaskie	449	5260	1171
Serock	legionowski	mazowieckie	1343	4585	341
Sędziszów	jędrzejowski	świętokrzyskie	792	6408	809
Sędziszów Małopolski	ropczycko-sędziszowski	podkarpackie	3699	12350	334
Sępopol	bartoszycki	warmińsko-mazurskie	463	1941	419
Sępólno Krajeńskie	sępoleński	kujawsko-pomorskie	655	9093	1388
Sianów	koszaliński	zachodniopomorskie	1588	6621	417
Siechnice	wrocławski	dolnośląskie	1563	8320	532
Siedlce	Siedlce[a]	mazowieckie	3186	78185	2454
Siedliszcze	chełmski	lubelskie	1316	1431	109
Siemianowice Śląskie	Siemianowice Śląskie[a]	śląskie	2550	66841	2621
Siemiatycze	siemiatycki	podlaskie	3625	14391	397
Sieniawa	przeworski	podkarpackie	674	2149	319
Sieradz	sieradzki	łódzkie	5122	41953	819
Sieraków	międzychodzki	wielkopolskie	1408	5993	426
Sierpc	sierpecki	mazowieckie	1859	17933	965
Siewierz	będziński	śląskie	3866	5568	144
Skalbmierz	kazimierski	świętokrzyskie	713	1275	179
Skała	krakowski	małopolskie	297	3801	1280
Skarszewy	starogardzki	pomorskie	1079	7012	650
Skaryszew	radomski	mazowieckie	2749	4354	158
Skarżysko-Kamienna	skarżyski	świętokrzyskie	6439	44848	697
Skawina	krakowski	małopolskie	2050	24310	1186
Skępe	lipnowski	kujawsko-pomorskie	748	3590	480
Skierniewice	Skierniewice[a]	łódzkie	3460	48089	1390
Skoczów	cieszyński	śląskie	985	14302	1452
Skoki	wągrowiecki	wielkopolskie	1120	4425	395
Skórcz	starogardzki	pomorskie	363	3623	998
Skwierzyna	międzyrzecki	lubuskie	3589	9593	267
Sława	wschowski	lubuskie	1490	4290	288
Sławków	będziński	śląskie	3667	6983	190
Sławno	sławieński	zachodniopomorskie	1583	12468	788
Słomniki	krakowski	małopolskie	343	4321	1260
Słubice	słubicki	lubuskie	1921	16644	866
Słupca	słupecki	wielkopolskie	1030	13658	1326
Słupsk	Słupsk[a]	pomorskie	4315	90681	2102
Sobótka	wrocławski	dolnośląskie	3220	6989	217
Sochaczew	sochaczewski	mazowieckie	2619	36282	1385
Sochocin	płoński	mazowieckie	683	1997	292
Sokołów Małopolski	rzeszowski	podkarpackie	1554	4203	270
Sokołów Podlaski	sokołowski	mazowieckie	1751	18945	1082
Sokółka	sokólski	podlaskie	1859	18063	972
Solec Kujawski	bydgoski	kujawsko-pomorskie	1868	15635	837
Solec nad Wisłą	lipski	mazowieckie	2091	965	46
Sompolno	koniński	wielkopolskie	621	3538	570
Sopot	Sopot[a]	pomorskie	1728	35719	2067
Sosnowiec	Sosnowiec[a]	śląskie	9106	199974	2196
Sośnicowice	gliwicki	śląskie	1167	1906	163
Stalowa Wola	stalowowolski	podkarpackie	8252	60466	733
Starachowice	starachowicki	świętokrzyskie	3182	48395	1521
Stargard	stargardzki	zachodniopomorskie	4808	67837	1411
Starogard Gdański	starogardzki	pomorskie	2528	47671	1886
Stary Sącz	nowosądecki	małopolskie	1500	9085	606
Staszów	staszowski	świętokrzyskie	2688	14649	545
Stawiski	kolneński	podlaskie	1324	2161	163
Stawiszyn	kaliski	wielkopolskie	99	1494	1509
Stąporków	konecki	świętokrzyskie	1094	5630	515
Stepnica	goleniowski	zachodniopomorskie	340	2472	727
Stęszew	poznański	wielkopolskie	569	5946	1045
Stoczek Łukowski	łukowski	lubelskie	915	2500	273
Stopnica	buski	świętokrzyskie	455	1415	311
Stronie Śląskie	kłodzki	dolnośląskie	238	5679	2386
Strumień	cieszyński	śląskie	629	3697	588
Stryków	zgierski	łódzkie	815	3478	427
Strzegom	świdnicki	dolnośląskie	2049	16032	782
Strzelce Krajeńskie	strzelecko-drezdenecki	lubuskie	554	9916	1790
Strzelce Opolskie	strzelecki	opolskie	2997	17835	595
Strzelin	strzeliński	dolnośląskie	1034	12474	1206
Strzelno	mogileński	kujawsko-pomorskie	446	5611	1258
Strzyżów	strzyżowski	podkarpackie	1389	8831	636
Sucha Beskidzka	suski	małopolskie	2765	9088	329
Suchań	stargardzki	zachodniopomorskie	357	1462	410
Suchedniów	skarżyski	świętokrzyskie	5940	8323	140
Suchowola	sokólski	podlaskie	2595	2178	84
Sulechów	zielonogórski	lubuskie	688	16750	2435
Sulejów	piotrkowski	łódzkie	2626	6177	235
Sulejówek	miński	mazowieckie	1931	19838	1027
Sulęcin	sulęciński	lubuskie	856	10096	1179
Sulmierzyce	krotoszyński	wielkopolskie	2929	2851	97
Sułkowice	myślenicki	małopolskie	1646	6633	403
Supraśl	białostocki	podlaskie	569	4610	810
Suraż	białostocki	podlaskie	3386	991	29
Susz	iławski	warmińsko-mazurskie	667	5567	835
Suwałki	Suwałki[a]	podlaskie	6551	69758	1065
Swarzędz	poznański	wielkopolskie	823	30201	3670
Syców	oleśnicki	dolnośląskie	1705	10381	609
Szadek	zduńskowolski	łódzkie	1793	1902	106
Szamocin	chodzieski	wielkopolskie	467	4192	898
Szamotuły	szamotulski	wielkopolskie	1108	18853	1702
Szczawnica	nowotarski	małopolskie	3290	5711	174
Szczawno-Zdrój	wałbrzyski	dolnośląskie	1474	5569	378
Szczebrzeszyn	zamojski	lubelskie	2912	4964	170
Szczecin	Szczecin[a]	zachodniopomorskie	30060	401907	1337
Szczecinek	szczecinecki	zachodniopomorskie	4848	40043	826
Szczekociny	zawierciański	śląskie	1803	3595	199
Szczucin	dąbrowski	małopolskie	685	4157	607
Szczuczyn	grajewski	podlaskie	1323	3354	254
Szczyrk	bielski	śląskie	3907	5751	147
Szczytna	kłodzki	dolnośląskie	8038	5130	64
Szczytno	szczycieński	warmińsko-mazurskie	1062	23088	2174
Szepietowo	wysokomazowiecki	podlaskie	284	2165	762
Szklarska Poręba	jeleniogórski	dolnośląskie	7544	6633	88
Szlichtyngowa	wschowski	lubuskie	155	1274	822
Szprotawa	żagański	lubuskie	1095	11711	1069
Sztum	sztumski	pomorskie	459	9870	2150
Szubin	nakielski	kujawsko-pomorskie	765	9545	1248
Szydłowiec	szydłowiecki	mazowieckie	2189	11687	534
Szydłów	staszowski	świętokrzyskie	1621	1101	68
Ścinawa	lubiński	dolnośląskie	1354	5530	408
Ślesin	koniński	wielkopolskie	718	3131	436
Śmigiel	kościański	wielkopolskie	530	5641	1064
Śrem	śremski	wielkopolskie	1237	29446	2380
Środa Śląska	średzki	dolnośląskie	1494	9539	638
Środa Wielkopolska	średzki	wielkopolskie	2192	23505	1072
Świątniki Górne	krakowski	małopolskie	444	2438	549
Świdnica	świdnicki	dolnośląskie	2176	56803	2610
Świdnik	świdnicki	lubelskie	2035	39136	1923
Świdwin	świdwiński	zachodniopomorskie	2238	15468	691
Świebodzice	świdnicki	dolnośląskie	3043	22744	747
Świebodzin	świebodziński	lubuskie	1693	21685	1281
Świecie	świecki	kujawsko-pomorskie	1187	25634	2160
Świeradów-Zdrój	lubański	dolnośląskie	2072	4100	198
Świerzawa	złotoryjski	dolnośląskie	176	2249	1278
Świętochłowice	Świętochłowice[a]	śląskie	1331	49557	3723
Świnoujście	Świnoujście[a]	zachodniopomorskie	20207	40888	202
Tarczyn	piaseczyński	mazowieckie	523	4132	790
Tarnobrzeg	Tarnobrzeg[a]	podkarpackie	8540	46745	547
Tarnogród	biłgorajski	lubelskie	1069	3308	309
Tarnowskie Góry	tarnogórski	śląskie	8388	61686	735
Tarnów	Tarnów[a]	małopolskie	7238	108470	1499
Tczew	tczewski	pomorskie	2238	59951	2679
Terespol	bialski	lubelskie	1011	5560	550
Tłuszcz	wołomiński	mazowieckie	791	8196	1036
Tolkmicko	elbląski	warmińsko-mazurskie	229	2663	1163
Tomaszów Lubelski	tomaszowski	lubelskie	1329	19035	1432
Tomaszów Mazowiecki	tomaszowski	łódzkie	4130	61960	1500
Toruń	Toruń[a]	kujawsko-pomorskie	11572	201447	1741
Torzym	sulęciński	lubuskie	911	2541	279
Toszek	gliwicki	śląskie	971	3589	370
Trzcianka	czarnkowsko-trzcianecki	wielkopolskie	1830	17140	937
Trzciel	międzyrzecki	lubuskie	304	2358	776
Trzcińsko-Zdrój	gryfiński	zachodniopomorskie	233	2248	965
Trzebiatów	gryficki	zachodniopomorskie	1025	9964	972
Trzebinia	chrzanowski	małopolskie	3194	19663	616
Trzebnica	trzebnicki	dolnośląskie	1061	13343	1258
Trzemeszno	gnieźnieński	wielkopolskie	546	7655	1402
Tuchola	tucholski	kujawsko-pomorskie	1769	13649	772
Tuchów	tarnowski	małopolskie	1810	6594	364
Tuczno	wałecki	zachodniopomorskie	921	1913	208
Tuliszków	turecki	wielkopolskie	700	3239	463
Tułowice	opolski	opolskie	923	4027	436
Turek	turecki	wielkopolskie	1617	26833	1659
Tuszyn	łódzki wschodni	łódzkie	2325	7255	312
Twardogóra	oleśnicki	dolnośląskie	829	6624	799
Tychowo	białogardzki	zachodniopomorskie	396	2520	636
Tychy	Tychy[a]	śląskie	8181	127590	1560
Tyczyn	rzeszowski	podkarpackie	967	3871	400
Tykocin	białostocki	podlaskie	2897	1968	68
Tyszowce	tomaszowski	lubelskie	1852	2091	113
Ujazd	strzelecki	opolskie	1476	1737	118
Ujście	pilski	wielkopolskie	578	3674	636
Ulanów	niżański	podkarpackie	820	1446	176
Uniejów	poddębicki	łódzkie	1223	3000	245
Urzędów	kraśnicki	lubelskie	1291	1694	131
Ustka	słupski	pomorskie	1019	15367	1508
Ustroń	cieszyński	śląskie	5903	16067	272
Ustrzyki Dolne	bieszczadzki	podkarpackie	1679	9041	538
Wadowice	wadowicki	małopolskie	1054	18692	1773
Wałbrzych	Wałbrzych[a]	dolnośląskie	8470	111356	1315
Wałcz	wałecki	zachodniopomorskie	3817	25179	660
Warka	grójecki	mazowieckie	2677	11952	446
Warszawa	m.st. Warszawa[a]	mazowieckie	51724	1790658	3462
Warta	sieradzki	łódzkie	1085	3242	299
Wasilków	białostocki	podlaskie	2826	11622	411
Wąbrzeźno	wąbrzeski	kujawsko-pomorskie	853	13518	1585
Wąchock	starachowicki	świętokrzyskie	1602	2768	173
Wągrowiec	wągrowiecki	wielkopolskie	1783	25686	1441
Wąsosz	górowski	dolnośląskie	324	2660	821
Wejherowo	wejherowski	pomorskie	2699	49505	1834
Węgliniec	zgorzelecki	dolnośląskie	873	2830	324
Węgorzewo	węgorzewski	warmińsko-mazurskie	1088	11280	1037
Węgorzyno	łobeski	zachodniopomorskie	685	2779	406
Węgrów	węgrowski	mazowieckie	3551	12583	354
Wiązów	strzeliński	dolnośląskie	916	2212	241
Wielbark	szczycieński	warmińsko-mazurskie	1842	2987	162
Wieleń	czarnkowsko-trzcianecki	wielkopolskie	446	5860	1314
Wielichowo	grodziski	wielkopolskie	124	1757	1417
Wieliczka	wielicki	małopolskie	1341	23849	1778
Wieluń	wieluński	łódzkie	1687	22269	1320
Wieruszów	wieruszowski	łódzkie	597	8517	1427
Więcbork	sępoleński	kujawsko-pomorskie	431	5965	1384
Wilamowice	bielski	śląskie	1036	3113	300
Wiskitki	żyrardowski	mazowieckie	661	1404	212
Wisła	cieszyński	śląskie	11017	11096	101
Wiślica	buski	świętokrzyskie	471	504	107
Witkowo	gnieźnieński	wielkopolskie	831	7812	940
Witnica	gorzowski	lubuskie	824	6731	817
Wleń	lwówecki	dolnośląskie	722	1751	243
Władysławowo	pucki	pomorskie	1367	9931	726
Włocławek	Włocławek[a]	kujawsko-pomorskie	8432	109883	1303
Włodawa	włodawski	lubelskie	1797	13066	727
Włoszczowa	włoszczowski	świętokrzyskie	3030	9924	328
Wodzisław	jędrzejowski	świętokrzyskie	794	1153	145
Wodzisław Śląski	wodzisławski	śląskie	4951	47813	966
Wojcieszów	złotoryjski	dolnośląskie	3217	3650	113
Wojkowice	będziński	śląskie	1279	8942	699
Wojnicz	tarnowski	małopolskie	850	3314	390
Wolbórz	piotrkowski	łódzkie	1518	2328	153
Wolbrom	olkuski	małopolskie	1012	8561	846
Wolin	kamieński	zachodniopomorskie	1447	4770	330
Wolsztyn	wolsztyński	wielkopolskie	478	13018	2723
Wołczyn	kluczborski	opolskie	747	5884	788
Wołomin	wołomiński	mazowieckie	1724	37056	2149
Wołów	wołowski	dolnośląskie	1854	12350	666
Woźniki	lubliniecki	śląskie	7101	4297	61
Wrocław	Wrocław[a]	dolnośląskie	29282	642869	2195
Wronki	szamotulski	wielkopolskie	581	11119	1914
Września	wrzesiński	wielkopolskie	1273	30922	2429
Wschowa	wschowski	lubuskie	925	13851	1497
Wyrzysk	pilski	wielkopolskie	412	5123	1243
Wysoka	pilski	wielkopolskie	482	2598	539
Wysokie Mazowieckie	wysokomazowiecki	podlaskie	1524	9341	613
Wyszków	wyszkowski	mazowieckie	2078	26997	1299
Wyszogród	płocki	mazowieckie	1297	2601	201
Wyśmierzyce	białobrzeski	mazowieckie	1684	894	53
Zabłudów	białostocki	podlaskie	1430	2482	174
Zabrze	Zabrze[a]	śląskie	8040	172360	2144
Zagórów	słupecki	wielkopolskie	344	2945	856
Zagórz	sanocki	podkarpackie	2229	5120	230
Zakliczyn	tarnowski	małopolskie	402	1631	406
Zaklików	stalowowolski	podkarpackie	1142	2955	259
Zakopane	tatrzański	małopolskie	8426	27010	321
Zakroczym	nowodworski	mazowieckie	1997	3183	159
Zalewo	iławski	warmińsko-mazurskie	822	2141	260
Zambrów	zambrowski	podlaskie	1902	22018	1158
Zamość	Zamość[a]	lubelskie	3034	63437	2091
Zator	oświęcimski	małopolskie	1152	3664	318
Zawadzkie	strzelecki	opolskie	1646	7107	432
Zawichost	sandomierski	świętokrzyskie	2029	1754	86
Zawidów	zgorzelecki	dolnośląskie	607	4180	689
Zawiercie	zawierciański	śląskie	8525	49204	577
Ząbki	wołomiński	mazowieckie	1098	37818	3444
Ząbkowice Śląskie	ząbkowicki	dolnośląskie	1367	14929	1092
Zbąszynek	świebodziński	lubuskie	358	5032	1406
Zbąszyń	nowotomyski	wielkopolskie	542	7239	1336
Zduny	krotoszyński	wielkopolskie	620	4487	724
Zduńska Wola	zduńskowolski	łódzkie	2457	41686	1697
Zdzieszowice	krapkowicki	opolskie	1235	11449	927
Zelów	bełchatowski	łódzkie	1075	7541	701
Zgierz	zgierski	łódzkie	4233	56190	1327
Zgorzelec	zgorzelecki	dolnośląskie	1588	30231	1904
Zielona Góra	Zielona Góra[a]	lubuskie	27832	141222	507
Zielonka	wołomiński	mazowieckie	7948	17560	221
Ziębice	ząbkowicki	dolnośląskie	1507	8650	574
Złocieniec	drawski	zachodniopomorskie	3228	12833	398
Złoczew	sieradzki	łódzkie	1379	3363	244
Złotoryja	złotoryjski	dolnośląskie	1151	15496	1346
Złotów	złotowski	wielkopolskie	1158	18532	1600
Złoty Stok	ząbkowicki	dolnośląskie	773	2728	353
Zwierzyniec	zamojski	lubelskie	619	3165	511
Zwoleń	zwoleński	mazowieckie	1591	7715	485
Żabno	tarnowski	małopolskie	1113	4200	377
Żagań	żagański	lubuskie	4038	25668	636
Żarki	myszkowski	śląskie	2544	4567	180
Żarów	świdnicki	dolnośląskie	757	6698	885
Żary	żarski	lubuskie	3349	37304	1114
Żelechów	garwoliński	mazowieckie	1213	3930	324
Żerków	jarociński	wielkopolskie	216	2110	977
Żmigród	trzebnicki	dolnośląskie	949	6443	679
Żnin	żniński	kujawsko-pomorskie	835	13793	1652
Żory	Żory[a]	śląskie	6464	62472	966
Żukowo	kartuski	pomorskie	473	6689	1414
Żuromin	żuromiński	mazowieckie	1118	8816	789
Żychlin	kutnowski	łódzkie	868	8109	934
Żyrardów	żyrardowski	mazowieckie	1435	39828	2775
Żywiec	żywiecki	śląskie	5054	31091	615